UID,LaminUID,Upload Date
10224,L4zu6cvqmHX70yrs0000,2025-05-13 12:02:21.123793+00:00
10jff,vm69z6UIoaVLQG860000,2025-05-13 12:01:23.621605+00:00
10huw,EwlG4R840vxHkZYo0000,2025-05-13 12:00:28.276215+00:00
10tzs,hUpnhSJzYY0XiE8Q0000,2025-05-13 11:59:29.968662+00:00
10zyf,F1549mnRco05vDPr0000,2025-05-13 11:58:35.547380+00:00
10wcj,wrpc8R6nu2vxscdt0000,2025-05-13 11:58:06.980345+00:00
10vcj,BrM1QujlONrPlOfx0000,2025-05-13 11:57:12.007109+00:00
10pf0,Uj7J4jjgzHw0lcm80001,2025-05-13 11:54:55.669684+00:00
101x5,1lNcghy5uvSIIj1X0001,2025-05-13 11:51:03.364394+00:00
10fty,Q3rtKQDQJQwDwJs60000,2025-05-13 11:47:13.739723+00:00
10fmm,pzUrlBiJyBCAXNrA0000,2025-05-13 11:46:15.603028+00:00
109k1,6hNpuo8as4YTeuir0000,2025-05-13 11:46:04.624372+00:00
10jft,bvN4nsnkZwYC8lDJ0000,2025-05-13 11:45:04.499387+00:00
106ru,nxZuEPw9iGwaZXrQ0000,2025-05-13 11:44:55.772284+00:00
10kmy,l4PceCnjaGDtviOY0000,2025-05-13 11:44:14.140366+00:00
107rw,0IgXK4yqZbKv1beo0000,2025-05-13 11:44:05.808829+00:00
1033x,MJ5imuqnuLuLDT1v0000,2025-05-13 11:43:54.704115+00:00
101s6,FYsStTNwintyG7PP0000,2025-05-13 11:43:29.479273+00:00
1012t,eCMKeVA5H8kkEAwV0000,2025-05-13 11:43:27.646266+00:00
10kia,4K2oVCjZcV2JwpW80000,2025-05-13 11:43:26.988635+00:00
10p19,uN3xiouMhiHlJPMr0000,2025-05-13 11:43:26.488694+00:00
10ktp,7xujzwU5XYxe7Ten0000,2025-05-13 11:43:12.474888+00:00
10kyn,cYPLaqfDcTTC8YKe0000,2025-05-13 11:42:58.310139+00:00
10zad,ChDomlP2a9pmAUqV0000,2025-05-13 11:42:58.284092+00:00
10056,jV0TCAe49DOda3yc0000,2025-05-13 11:42:45.506992+00:00
10f2z,tSMNiCdvREboKFG40000,2025-05-13 11:42:26.595573+00:00
102hp,t3xL68PKhvAraXOy0000,2025-05-13 11:42:24.405775+00:00
10kz7,SnwSbMGwJ8cDco1Y0000,2025-05-13 11:42:18.303325+00:00
10ant,C89WrTNCbm8tErIL0000,2025-05-13 11:42:01.176148+00:00
1000j,kP0THWw3Jt2mCmzD0000,2025-05-13 11:41:59.956172+00:00
10hm6,qrhC6Ui3iYMWSvhi0000,2025-05-13 11:41:58.010609+00:00
1090h,cdJ4ig3BNiTZMC3T0000,2025-05-13 11:41:48.656489+00:00
108rf,RyiHPLfrJHDVN5Fg0000,2025-05-13 11:41:44.120080+00:00
10ndj,jlLXG6kzLHMZIbSP0000,2025-05-13 11:41:39.609083+00:00
10fri,OJh6O09BO0KvcaqQ0000,2025-05-13 11:41:37.850471+00:00
100my,VIwqa2hdllRAj2fA0000,2025-05-13 11:41:20.828889+00:00
10ake,GraiUsNtsIm24sdk0000,2025-05-13 11:41:16.691931+00:00
10wkh,3JefpmoSOsXNEBGp0000,2025-05-13 11:41:16.633022+00:00
10mda,Jhu4EIJra7GHoDa90000,2025-05-13 11:41:15.853304+00:00
10yhv,gtLUT2zUAH9l9Uzi0000,2025-05-13 11:41:13.732013+00:00
10834,30wUvvttsF8Ti2qh0000,2025-05-13 11:41:00.910026+00:00
10ekd,rh4v3BvMhn47uTqL0000,2025-05-13 11:40:56.033444+00:00
10iky,EflYRIlQPDpiYYJc0000,2025-05-13 11:40:45.611357+00:00
10if2,qDzBz6mPapeQOZKH0000,2025-05-13 11:40:38.261886+00:00
109pp,3AA6HiwHiNd9J7YS0000,2025-05-13 11:40:37.111530+00:00
103uy,TfnJ3iUNnjLvuTwn0000,2025-05-13 11:40:31.109839+00:00
10z91,4NsSBdOGCqS073zR0000,2025-05-13 11:40:27.840163+00:00
10drc,xPRgG0DnymRtooSp0000,2025-05-13 11:40:01.900583+00:00
10v61,gkFtY6t2JXGpZuwX0000,2025-05-13 11:40:01.511880+00:00
1001e,Ho5aIOyEV46kDWa10000,2025-05-13 11:39:57.037297+00:00
106s5,7Mlb1laYLpbxIuZ00000,2025-05-13 11:39:41.766011+00:00
10sph,tu4rSb0hhPTSqbsI0000,2025-05-13 11:39:24.356364+00:00
105vj,zRixokXj6yWBdXPK0000,2025-05-13 11:39:23.356993+00:00
10uac,0LU965immrxZwNp70001,2025-05-13 11:39:20.369826+00:00
10s8t,3p1B6zPVF8BEXpH50000,2025-05-13 11:38:48.289734+00:00
105jc,MpjyX2eJSHbXlaby0000,2025-05-13 11:38:20.205086+00:00
10v4k,RhhdHJJJWiNoTrYB0000,2025-05-13 11:38:10.987628+00:00
108ty,jI21kEOyqcvd9wxx0000,2025-05-13 11:37:29.491662+00:00
10uf7,6symMdHVAYfWv9Mu0000,2025-05-13 11:37:10.822900+00:00
10ieh,PxlBT4troVyklN6L0000,2025-05-13 11:36:25.915787+00:00
10w6u,7NuCvtep7c7GHlSS0000,2025-05-13 11:30:19.282776+00:00
10ckr,C2VMt4jeJgOzqGlB0000,2025-05-13 11:29:20.725837+00:00
108d3,gIiRO1iRTSbyYa370000,2025-05-13 10:45:33.875139+00:00
10xa2,jmESliF63IWNuHVP0000,2025-05-13 10:44:08.986470+00:00
106ws,eaCWUAfpiX2EWscE0000,2025-05-13 10:42:37.113355+00:00
10fpp,TaVEN66Q779WeVuv0000,2025-05-13 10:40:55.593942+00:00
10kyp,zyHhX1mjsVshg5yT0000,2025-05-13 10:39:14.173799+00:00
10hhx,KqPzNb6f7clFCLGw0000,2025-05-13 10:37:36.242227+00:00
10pa3,dylm1ujnAzcuZXLJ0000,2025-05-13 10:30:48.330874+00:00
10jr4,FP0LvjxXqC8tKP8c0000,2025-05-13 10:23:59.781291+00:00
10fyx,zmvCdXhPUBsHjAgt0000,2025-05-13 10:17:32.052536+00:00
10wmu,UC0ArumTfD43sksA0000,2025-05-13 10:10:37.000093+00:00
104cz,ESKVT21S8DJa2Edm0000,2025-05-12 22:55:57.685599+00:00
10y80,XfxFFvRbWX0pkwxQ0000,2025-05-12 22:54:41.870227+00:00
10pf0,Uj7J4jjgzHw0lcm80000,2025-05-12 22:52:11.061608+00:00
101x5,1lNcghy5uvSIIj1X0000,2025-05-12 22:49:08.234849+00:00
10xay,T487SAgKYyOrMyV60000,2025-05-12 22:43:17.417258+00:00
101tu,zajoOzpDkgbj7iQJ0000,2025-05-12 22:35:41.735190+00:00
108h0,URTWN6lHhU092S8N0000,2025-05-12 22:30:34.864574+00:00
10c6u,itocrVLFWg5Rz08t0000,2025-05-12 22:28:18.813018+00:00
10x88,hMhdL5in9tFAKkjF0000,2025-05-12 22:26:03.865189+00:00
10uac,0LU965immrxZwNp70000,2025-05-12 22:21:21.950604+00:00
10u89,SfFWKH8X1xFx7yH60000,2025-05-12 22:13:56.633164+00:00
1063i,RAPhKiDUPkeCBRY50000,2025-05-12 22:13:10.004744+00:00
107yk,2IOw4H0ChPDxYmcr0000,2025-05-12 22:12:17.374425+00:00
103mf,Q3cP0AKHkTeP5Qx60000,2025-05-12 22:11:16.951821+00:00
107sr,U0ywKjHgZpyLU4PZ0000,2025-05-12 22:09:50.006146+00:00
10zm9,rCFAhy5ZgSSLzxxk0000,2025-05-12 22:07:05.637135+00:00
10ah4,Xe4NQX8Y1zB9q8PF0000,2025-05-12 22:03:57.772784+00:00
101t3,rshDUOAtxBjXtIww0000,2025-05-12 22:01:17.360838+00:00
10tsy,N501jLiqKaHUV1rT0000,2025-05-12 21:59:16.188790+00:00
10ha9,KjyJkF1DjsmcqUV20000,2025-05-12 21:57:54.676898+00:00
10ps4,kxqX8mJjAzJh7RBD0000,2025-05-12 21:57:32.030588+00:00
105k3,L2mOcUoXkjYM0gJU0000,2025-05-12 21:57:11.145306+00:00
10caf,iKcTpKomkPuE1Zrj0000,2025-05-12 21:56:50.861008+00:00
1065r,4gQynuR0sN7FY8zx0000,2025-05-12 21:56:30.114443+00:00
10e5i,LEmjbIthI5Ge9P640000,2025-05-12 21:56:12.828651+00:00
10jfe,4LGaWiMGNdmI79Si0000,2025-05-12 21:55:55.118433+00:00
10tei,42r2kWnUjrS5N5j60000,2025-05-12 21:55:37.331142+00:00
10zwi,XhqdYxvARW53Cfwn0000,2025-05-12 21:54:56.763580+00:00
102cy,Kruosp4t4h07o4PI0000,2025-05-12 21:54:02.024300+00:00
108dr,L4mUB32SlQgj3NTH0000,2025-05-12 21:52:38.555844+00:00
1074f,yudYDdpcEZq7znND0000,2025-05-12 21:50:51.569975+00:00
10ae2,Km8Bm11a9zEpGm980000,2025-05-12 21:48:55.816991+00:00
10k3x,HSAUfmqneqWcvEGv0000,2025-05-12 21:47:31.995247+00:00
1020d,hHFxUj3LQZiG8bC30000,2025-05-12 21:45:14.096161+00:00
10arp,gdlpqkSFDi5iFYOK0000,2025-05-12 21:41:21.734593+00:00
10pui,TiO5kXpiBniJVXbV0000,2025-05-12 21:37:20.837207+00:00
10040,Z3H5fWzBUOkBWi3p0000,2025-05-12 21:36:08.293599+00:00
10nsr,oPYUdIk59AnHiaqx0000,2025-05-12 21:35:15.523001+00:00
10ndm,QYgHYB959TrgV4gk0000,2025-05-12 21:33:53.843662+00:00
10n1k,0W4MBvLWKZXauWhZ0000,2025-05-12 21:31:38.513217+00:00
106xa,wR1LpVQe0chrwCe90000,2025-05-12 21:29:01.231917+00:00
